path,category
bed (1).jpg,bed
bed (2).jpg,bed
bed (3).jpg,bed
bed (4).jpg,bed
bed (5).jpg,bed
bed (6).jpg,bed
bed (7).jpg,bed
bed (8).jpg,bed
bed (9).jpg,bed
bed (10).jpg,bed
bed (11).jpg,bed
bed (12).jpg,bed
bed (13).jpg,bed
bed (14).jpg,bed
bed (15).jpg,bed
bed (16).jpg,bed
bed (17).jpg,bed
bed (18).jpg,bed
bed (19).jpg,bed
bed (20).jpg,bed
bed (21).jpg,bed
bed (22).jpg,bed
bed (23).jpg,bed
bed (24).jpg,bed
bed (25).jpg,bed
bed (26).jpg,bed
bed (27).jpg,bed
bed (28).jpg,bed
bed (29).jpg,bed
bed (30).jpg,bed
bed (31).jpg,bed
bed (32).jpg,bed
bed (33).jpg,bed
bed (34).jpg,bed
bed (35).jpg,bed
bed (36).jpg,bed
bed (37).jpg,bed
bed (38).jpg,bed
bed (39).jpg,bed
bed (40).jpg,bed
bed (41).jpg,bed
bed (42).jpg,bed
bed (43).jpg,bed
bed (44).jpg,bed
bed (45).jpg,bed
bed (46).jpg,bed
bed (47).jpg,bed
bed (48).jpg,bed
bed (49).jpg,bed
bed (50).jpg,bed
bed (51).jpg,bed
bed (52).jpg,bed
bed (53).jpg,bed
bed (54).jpg,bed
bed (55).jpg,bed
bed (56).jpg,bed
bed (57).jpg,bed
bed (58).jpg,bed
bed (59).jpg,bed
bed (60).jpg,bed
bed (61).jpg,bed
bed (62).jpg,bed
bed (63).jpg,bed
bed (64).jpg,bed
bed (65).jpg,bed
bed (66).jpg,bed
bed (67).jpg,bed
bed (68).jpg,bed
bed (69).jpg,bed
bed (70).jpg,bed
bed (71).jpg,bed
bed (72).jpg,bed
bed (73).jpg,bed
food_packet (1).jpg,food_packet
food_packet (2).jpg,food_packet
food_packet (3).jpg,food_packet
food_packet (4).jpg,food_packet
food_packet (5).jpg,food_packet
food_packet (6).jpg,food_packet
food_packet (7).jpg,food_packet
food_packet (8).jpg,food_packet
food_packet (9).jpg,food_packet
food_packet (10).jpg,food_packet
food_packet (11).jpg,food_packet
food_packet (12).jpg,food_packet
food_packet (13).jpg,food_packet
food_packet (14).jpg,food_packet
food_packet (15).jpg,food_packet
food_packet (16).jpg,food_packet
food_packet (17).jpg,food_packet
food_packet (18).jpg,food_packet
food_packet (19).jpg,food_packet
food_packet (20).jpg,food_packet
food_packet (21).jpg,food_packet
food_packet (22).jpg,food_packet
food_packet (23).jpg,food_packet
food_packet (24).jpg,food_packet
food_packet (25).jpg,food_packet
food_packet (26).jpg,food_packet
food_packet (27).jpg,food_packet
food_packet (28).jpg,food_packet
food_packet (29).jpg,food_packet
food_packet (30).jpg,food_packet
food_packet (31).jpg,food_packet
food_packet (32).jpg,food_packet
food_packet (33).jpg,food_packet
plants (1).jpg,plants
plants (2).jpg,plants
plants (3).jpg,plants
plants (4).jpg,plants
plants (5).jpg,plants
plants (6).jpg,plants
plants (7).jpg,plants
plants (8).jpg,plants
plants (9).jpg,plants
plants (10).jpg,plants
plants (11).jpg,plants
plants (12).jpg,plants
plants (13).jpg,plants
plants (14).jpg,plants
plants (15).jpg,plants
plants (16).jpg,plants
plants (17).jpg,plants
plants (18).jpg,plants
plants (19).jpg,plants
plants (20).jpg,plants
plants (21).jpg,plants
plants (22).jpg,plants
plants (23).jpg,plants
plants (24).jpg,plants
plants (25).jpg,plants
plants (26).jpg,plants
plants (27).jpg,plants
plants (28).jpg,plants
plants (29).jpg,plants
plants (30).jpg,plants
plants (31).jpg,plants
plants (32).jpg,plants
plants (33).jpg,plants
fish_tank (1).jpg,fish_tank
fish_tank (2).jpg,fish_tank
fish_tank (3).jpg,fish_tank
fish_tank (4).jpg,fish_tank
fish_tank (5).jpg,fish_tank
fish_tank (6).jpg,fish_tank
fish_tank (7).jpg,fish_tank
fish_tank (8).jpg,fish_tank
fish_tank (9).jpg,fish_tank
fish_tank (10).jpg,fish_tank
fish_tank (11).jpg,fish_tank
fish_tank (12).jpg,fish_tank
fish_tank (13).jpg,fish_tank
fish_tank (14).jpg,fish_tank
fish_tank (15).jpg,fish_tank
fish_tank (16).jpg,fish_tank
fish_tank (17).jpg,fish_tank
fish_tank (18).jpg,fish_tank
fish_tank (19).jpg,fish_tank
fish_tank (20).jpg,fish_tank
fish_tank (21).jpg,fish_tank
fish_tank (22).jpg,fish_tank
fish_tank (23).jpg,fish_tank
fish_tank (24).jpg,fish_tank
fish_tank (25).jpg,fish_tank
fish_tank (26).jpg,fish_tank
fish_tank (27).jpg,fish_tank
fish_tank (28).jpg,fish_tank
fish_tank (29).jpg,fish_tank
fish_tank (30).jpg,fish_tank
fish_tank (31).jpg,fish_tank
shampoo (1).jpg,shampoo
shampoo (2).jpg,shampoo
shampoo (3).jpg,shampoo
shampoo (4).jpg,shampoo
shampoo (5).jpg,shampoo
shampoo (6).jpg,shampoo
shampoo (7).jpg,shampoo
shampoo (8).jpg,shampoo
shampoo (9).jpg,shampoo
shampoo (10).jpg,shampoo
shampoo (11).jpg,shampoo
shampoo (12).jpg,shampoo
shampoo (13).jpg,shampoo
shampoo (14).jpg,shampoo
shampoo (15).jpg,shampoo
shampoo (16).jpg,shampoo
shampoo (17).jpg,shampoo
shampoo (18).jpg,shampoo
shampoo (19).jpg,shampoo
shampoo (20).jpg,shampoo
shampoo (21).jpg,shampoo
shampoo (22).jpg,shampoo
shampoo (23).jpg,shampoo
shampoo (24).jpg,shampoo
shampoo (25).jpg,shampoo
shampoo (26).jpg,shampoo
shampoo (27).jpg,shampoo
shampoo (28).jpg,shampoo
shampoo (29).jpg,shampoo
shampoo (30).jpg,shampoo
shampoo (31).jpg,shampoo
bowl (1).jpg,bowl
bowl (2).jpg,bowl
bowl (3).jpg,bowl
bowl (4).jpg,bowl
bowl (5).jpg,bowl
bowl (6).jpg,bowl
bowl (7).jpg,bowl
bowl (8).jpg,bowl
bowl (9).jpg,bowl
bowl (10).jpg,bowl
bowl (11).jpg,bowl
bowl (12).jpg,bowl
bowl (13).jpg,bowl
bowl (14).jpg,bowl
bowl (15).jpg,bowl
bowl (16).jpg,bowl
bowl (17).jpg,bowl
bowl (18).jpg,bowl
bowl (19).jpg,bowl
bowl (20).jpg,bowl
bowl (21).jpg,bowl
bowl (22).jpg,bowl
bowl (23).jpg,bowl
bowl (24).jpg,bowl
bowl (25).jpg,bowl
bowl (26).jpg,bowl
bowl (27).jpg,bowl
bowl (28).jpg,bowl
bowl (29).jpg,bowl
bowl (30).jpg,bowl
bowl (31).jpg,bowl
bowl (32).jpg,bowl
bowl (33).jpg,bowl
bowl (34).jpg,bowl
bowl (35).jpg,bowl
bowl (36).jpg,bowl
bowl (37).jpg,bowl
bowl (38).jpg,bowl
bowl (39).jpg,bowl
bowl (40).jpg,bowl
bowl (41).jpg,bowl
bowl (42).jpg,bowl
bowl (43).jpg,bowl
bowl (44).jpg,bowl
bowl (45).jpg,bowl
bowl (46).jpg,bowl
bowl (47).jpg,bowl
bowl (48).jpg,bowl
bowl (49).jpg,bowl
bowl (50).jpg,bowl
bowl (51).jpg,bowl
bowl (52).jpg,bowl
bowl (53).jpg,bowl
bowl (54).jpg,bowl
bowl (55).jpg,bowl
bowl (56).jpg,bowl
bowl (57).jpg,bowl
bowl (58).jpg,bowl
bowl (59).jpg,bowl
